ID,First Name,Last Name,Gender,Company,Occupation
1,Joseph,Perkins,Male,Dynazzy,Community Outreach Specialist
2,Jennifer,Alvarez,Female,DabZ,Senior Quality Engineer
3,Roger,Black,Male,Tagfeed,Account Executive
4,Steven,Evans,Male,Fatz,Registered Nurse
5,Judy,Morrison,Female,Demivee,Legal Assistant
6,Amanda,Howell,Female,Thoughtbridge,Dental Hygienist
7,Johnny,Reid,Male,Babblestorm,Account Executive
8,Frances,Adams,Female,Dabshots,Developer III
9,Gregory,Chapman,Male,Eayo,Junior Executive
10,Steven,Ryan,Male,Twinder,Community Outreach Specialist
11,Michael,Reynolds,Male,Meevee,Dental Hygienist
12,Lois,Watkins,Female,Mydo,Staff Accountant IV
13,Ruth,Alvarez,Female,Twitterlist,Mechanical Systems Engineer
14,Adam,Ryan,Male,Photojam,Research Nurse
15,Jesse,Richards,Male,Demimbu,Chief Design Engineer
16,Scott,Arnold,Male,Meemm,Human Resources Assistant I
17,Ruby,Palmer,Female,Roomm,Administrative Officer
18,Jason,King,Male,Flipbug,Financial Advisor
19,Pamela,Kelly,Female,Jaloo,Director of Sales
20,Lisa,Rice,Female,Oloo,Programmer IV
21,Albert,Burns,Male,Rhynoodle,Junior Executive
22,Martin,Reynolds,Male,Meembee,Information Systems Manager
23,Janice,Campbell,Female,DabZ,Chief Design Engineer
24,Donna,Thomas,Female,Jaxbean,Chief Design Engineer
25,Patrick,Baker,Male,Fivespan,General Manager
26,Michelle,Kelly,Female,Twitterbeat,Programmer Analyst I
27,Jessica,Bennett,Female,Twitternation,Account Executive
28,Phillip,Carroll,Male,Ainyx,Editor
29,Gary,Riley,Male,Devpoint,Nurse Practicioner
30,Pamela,Hicks,Female,Ntags,Cost Accountant
31,David,Lewis,Male,Skyndu,Assistant Manager
32,Mildred,Thomas,Female,Yombu,Recruiter
33,Stephanie,Collins,Female,LiveZ,Paralegal
34,Joan,Carroll,Female,Skiptube,Clinical Specialist
35,Nicole,Chapman,Female,Pixonyx,Electrical Engineer
36,Wayne,Daniels,Male,Vidoo,Desktop Support Technician
37,Martin,Frazier,Male,Bubbletube,Sales Associate
38,Anthony,Flores,Male,Shufflebeat,Geological Engineer
39,Teresa,Harrison,Female,Oba,Payment Adjustment Coordinator
40,Lois,Price,Female,Wordware,Product Engineer
41,Laura,Carr,Female,Skilith,GIS Technical Architect
42,Jean,Knight,Female,Rhycero,Accountant I
43,Theresa,Thompson,Female,Linkbridge,Human Resources Manager
44,Shawn,Matthews,Male,Camimbo,Cost Accountant
45,Earl,Marshall,Male,Agivu,Dental Hygienist
46,Adam,Cole,Male,Trupe,Accountant III
47,Louise,Collins,Female,Wikizz,Legal Assistant
48,Roger,Russell,Male,Kanoodle,Assistant Media Planner
49,Jeremy,Montgomery,Male,Realblab,VP Marketing
50,Dennis,Simpson,Male,Fadeo,Account Coordinator
51,Gloria,Kelly,Female,Agimba,Software Test Engineer IV
52,Craig,Dixon,Male,Photofeed,Research Nurse
53,Ruby,Phillips,Female,Muxo,Analyst Programmer
54,Amanda,Berry,Female,Jaxspan,Automation Specialist III
55,Ralph,Ford,Male,Browsezoom,Safety Technician IV
56,Anne,Berry,Female,Twinder,VP Sales
57,Rebecca,Watkins,Female,Trudoo,Desktop Support Technician
58,Rebecca,Bradley,Female,Fivespan,Clinical Specialist
59,Pamela,Fisher,Female,Thoughtstorm,Social Worker
60,Walter,Lawrence,Male,Babblestorm,Quality Engineer
61,Phyllis,Nelson,Female,Quinu,Marketing Manager
62,Andrew,Tucker,Male,Leenti,Structural Analysis Engineer
63,Mildred,Hamilton,Female,Devshare,Data Coordiator
64,Beverly,Reed,Female,Vidoo,Web Designer IV
65,John,Baker,Male,Zoomlounge,Programmer Analyst IV
66,Robin,Davis,Female,Trudeo,Librarian
67,Donna,Cunningham,Female,Mita,Tax Accountant
68,Paul,Dunn,Male,Devpoint,Research Associate
69,Phillip,Burke,Male,Edgeify,Financial Analyst
70,Michelle,Bowman,Female,Gabvine,VP Marketing
71,Carolyn,Reyes,Female,Twimbo,Safety Technician IV
72,Lawrence,Schmidt,Male,Kamba,Analog Circuit Design manager
73,Kenneth,Miller,Male,Vimbo,Senior Editor
74,Randy,Armstrong,Male,Devpulse,Senior Developer
75,Catherine,Carpenter,Female,Zoozzy,Marketing Manager
76,Paula,Evans,Female,Cogidoo,Librarian
77,Lori,Edwards,Female,Dabvine,Sales Representative
78,Robert,Kennedy,Male,Edgewire,Chemical Engineer
79,Kelly,Cruz,Female,Nlounge,Civil Engineer
80,George,Mason,Male,Jaxworks,Engineer I
81,Mildred,Fowler,Female,Fivechat,Operator
82,Sara,Burton,Female,Riffwire,Assistant Media Planner
83,Adam,Sanchez,Male,Topiczoom,Paralegal
84,Andrea,Fuller,Female,Quire,Database Administrator I
85,Arthur,Hart,Male,Flashpoint,Structural Engineer
86,Kathleen,Simmons,Female,Flashset,Web Designer II
87,Carl,Gibson,Male,Gigabox,Nurse
88,Evelyn,Ortiz,Female,Shufflester,Analyst Programmer
89,Raymond,Hughes,Male,Thoughtstorm,Administrative Officer
90,Carlos,Jacobs,Male,Lazz,Human Resources Assistant IV
91,Theresa,Adams,Female,Brainverse,Junior Executive
92,Justin,Roberts,Male,Twitterlist,Assistant Manager
93,Melissa,Mcdonald,Female,Livefish,Desktop Support Technician
94,Harry,Nelson,Male,Mybuzz,Account Executive
95,Jason,Shaw,Male,Avavee,Human Resources Assistant III
96,Jerry,Carroll,Male,Wikizz,VP Product Management
97,Amanda,Watkins,Female,Ozu,Account Coordinator
98,Jean,Mills,Female,Fivebridge,Product Engineer
99,Edward,Ryan,Male,Rhyloo,Associate Professor
100,Lois,Howard,Female,Voomm,Systems Administrator IV
101,Jeremy,Nelson,Male,Brainlounge,Web Developer IV
102,Roy,Arnold,Male,Livetube,Sales Associate
103,George,Brown,Male,Skivee,Computer Systems Analyst IV
104,Jennifer,Marshall,Female,Twinder,Quality Engineer
105,Steven,Dunn,Male,Camimbo,Senior Quality Engineer
106,Brenda,Alexander,Female,Quimba,Electrical Engineer
107,Melissa,Johnston,Female,Vinte,GIS Technical Architect
108,Adam,Ferguson,Male,Npath,Actuary
109,Lois,Washington,Female,Tekfly,VP Accounting
110,Randy,Fuller,Male,Browsebug,Nurse
111,Patrick,Morrison,Male,Eimbee,Mechanical Systems Engineer
112,Carolyn,Willis,Female,Photobean,Speech Pathologist
113,Philip,Phillips,Male,Tagfeed,Environmental Tech
114,Anne,Webb,Female,Teklist,Staff Scientist
115,Virginia,Davis,Female,Photofeed,Senior Quality Engineer
116,Johnny,Montgomery,Male,Twimbo,Recruiting Manager
117,Shawn,Green,Male,Realcube,Occupational Therapist
118,Shirley,Garrett,Female,Bluezoom,Pharmacist
119,Helen,Elliott,Female,Aimbo,Structural Analysis Engineer
120,Paul,Russell,Male,Tagchat,Research Nurse
121,Keith,Thompson,Male,Zoonoodle,Chief Design Engineer
122,Martin,Hawkins,Male,Centizu,Assistant Manager
123,Craig,Cruz,Male,Latz,Editor
124,Kenneth,Kennedy,Male,Twimm,Structural Analysis Engineer
125,Jesse,Rose,Male,Twiyo,Staff Accountant III
126,Pamela,Sullivan,Female,Trupe,Software Engineer II
127,Jesse,Henderson,Male,Eabox,Environmental Tech
128,Melissa,Reyes,Female,Meevee,Tax Accountant
129,Richard,Myers,Male,Wordtune,Automation Specialist I
130,Stephen,Perry,Male,Edgeclub,Environmental Tech
131,Margaret,Porter,Female,Eazzy,Sales Associate
132,Judith,Perez,Female,Jaxworks,Structural Engineer
133,Shirley,Russell,Female,Oodoo,Geological Engineer
134,Diana,Hall,Female,Quinu,Financial Advisor
135,Richard,Murphy,Male,Cogidoo,Software Consultant
136,Clarence,Fox,Male,Devshare,Graphic Designer
137,Philip,Griffin,Male,Flipopia,Programmer Analyst III
138,George,Fisher,Male,Topicblab,Analog Circuit Design manager
139,Kathy,Greene,Female,Demizz,VP Accounting
140,Paula,West,Female,Roomm,Statistician IV
141,Katherine,Larson,Female,Eidel,Help Desk Operator
142,Margaret,Ray,Female,Brainlounge,Senior Editor
143,Christopher,Long,Male,Mybuzz,Accounting Assistant III
144,Jerry,Owens,Male,LiveZ,Associate Professor
145,Doris,Wagner,Female,Browsezoom,Graphic Designer
146,David,James,Male,Yoveo,Paralegal
147,Theresa,Morales,Female,Abata,Occupational Therapist
148,Patricia,Reid,Female,Shuffledrive,Analog Circuit Design manager
149,Jennifer,Oliver,Female,Topiclounge,Database Administrator III
150,Henry,Tucker,Male,Wordify,Product Engineer
151,Brandon,Oliver,Male,Voomm,Internal Auditor
152,Katherine,Long,Female,Lazz,Nurse Practicioner
153,Louise,Long,Female,Geba,Cost Accountant
154,Amanda,Franklin,Female,Wordware,Assistant Professor
155,Carolyn,Diaz,Female,Gigazoom,Database Administrator III
156,Stephanie,Kelly,Female,Youopia,Automation Specialist III
157,Diane,Duncan,Female,Mycat,Internal Auditor
158,Charles,Sanders,Male,Eimbee,Financial Advisor
159,Mary,Black,Female,Topicshots,Business Systems Development Analyst
160,Alice,Sims,Female,Skivee,Chemical Engineer
161,Stephen,Alvarez,Male,Topdrive,Recruiting Manager
162,Dennis,Fox,Male,Jatri,GIS Technical Architect
163,Lisa,Palmer,Female,Shufflebeat,Food Chemist
164,Steve,Willis,Male,Podcat,Administrative Officer
165,Peter,Hayes,Male,Cogibox,Environmental Specialist
166,Wanda,Fisher,Female,Devpulse,Accountant I
167,Joe,Duncan,Male,Layo,Senior Quality Engineer
168,Judith,Freeman,Female,Skibox,Social Worker
169,Dennis,Wagner,Male,Rooxo,Business Systems Development Analyst
170,Juan,Fields,Male,Voomm,Safety Technician IV
171,Julie,Pierce,Female,Eazzy,Systems Administrator IV
172,Judy,Rogers,Female,Photojam,Junior Executive
173,Phillip,Nichols,Male,Thoughtbeat,Design Engineer
174,Anna,Miller,Female,Innojam,Developer I
175,Ralph,White,Male,Muxo,Staff Accountant IV
176,Michael,Murphy,Male,Divape,Database Administrator II
177,Matthew,Lopez,Male,Realmix,Director of Sales
178,Gloria,Rice,Female,Reallinks,Structural Analysis Engineer
179,Beverly,Cook,Female,Kamba,Social Worker
180,Bonnie,Walker,Female,Chatterpoint,Senior Sales Associate
181,Philip,Nelson,Male,Voomm,Web Developer II
182,Ronald,Gordon,Male,Centizu,Marketing Manager
183,Jesse,Mills,Male,Aimbu,Analog Circuit Design manager
184,Jesse,Edwards,Male,Zoombeat,Administrative Officer
185,Dorothy,Pierce,Female,Mycat,Tax Accountant
186,Norma,Johnson,Female,Fiveclub,Operator
187,Rebecca,Bailey,Female,Jatri,Office Assistant I
188,Earl,Parker,Male,Gigazoom,Nurse
189,Roger,Gordon,Male,Skilith,Operator
190,Russell,Mccoy,Male,Geba,Graphic Designer
191,Harold,Washington,Male,Kamba,Cost Accountant
192,Teresa,Greene,Female,Edgeify,Junior Executive
193,Melissa,Kelley,Female,Cogilith,Paralegal
194,Shawn,Parker,Male,Pixonyx,Engineer III
195,Shirley,Cunningham,Female,Babblestorm,Marketing Assistant
196,Jonathan,Parker,Male,Tagtune,Structural Engineer
197,Ronald,Mcdonald,Male,Edgeify,Developer III
198,Gary,Russell,Male,Bubblebox,Software Test Engineer I
199,Lawrence,Kim,Male,Skaboo,Director of Sales
200,Julia,Gardner,Female,Jaxbean,Account Coordinator
201,Lori,Mitchell,Female,Abata,Dental Hygienist
202,Louis,Campbell,Male,Rhynoodle,Account Representative III
203,Annie,Lane,Female,Skyble,Marketing Manager
204,Daniel,Moreno,Male,Ntag,Registered Nurse
205,George,Ramos,Male,Devpulse,Senior Cost Accountant
206,Ruth,Barnes,Female,Gabcube,Junior Executive
207,Joseph,Riley,Male,Feedspan,Biostatistician II
208,Bonnie,Rice,Female,Eamia,Cost Accountant
209,Cheryl,Black,Female,Kazu,Project Manager
210,Anne,Ramos,Female,Centidel,Research Associate
211,Emily,West,Female,Eimbee,Automation Specialist II
212,Joyce,Williamson,Female,Quatz,Technical Writer
213,Keith,Foster,Male,Gigashots,VP Quality Control
214,Robin,Hanson,Female,Dabfeed,Senior Quality Engineer
215,Victor,James,Male,Fliptune,Research Assistant IV
216,Donald,Nguyen,Male,Einti,Teacher
217,Carolyn,Campbell,Female,Yakijo,Physical Therapy Assistant
218,Samuel,Bradley,Male,Feedmix,Desktop Support Technician
219,Lawrence,Jenkins,Male,Yata,Information Systems Manager
220,Ernest,Coleman,Male,Blogpad,Geological Engineer
221,George,Perry,Male,Abata,Director of Sales
222,Larry,Riley,Male,Aivee,Cost Accountant
223,Nicole,Gonzales,Female,Fivespan,VP Product Management
224,Denise,Thompson,Female,Fivechat,Human Resources Assistant IV
225,Tammy,Hill,Female,Babbleset,Cost Accountant
226,George,Adams,Male,Bubbletube,Administrative Officer
227,Douglas,Kim,Male,Browsezoom,Software Test Engineer III
228,Ruby,Gray,Female,Gigabox,Financial Advisor
229,Richard,Gilbert,Male,Photolist,Librarian
230,Peter,Duncan,Male,Bubblemix,Software Engineer IV
231,Joshua,Walker,Male,Quimba,Actuary
232,Aaron,Ortiz,Male,Plambee,Data Coordiator
233,Robin,Lopez,Female,Wordpedia,Editor
234,Helen,Wallace,Female,Bubblebox,Financial Analyst
235,Cynthia,Hanson,Female,Fliptune,Software Engineer IV
236,Christine,Lewis,Female,Oyoyo,Engineer IV
237,Patricia,Duncan,Female,Jabbersphere,Pharmacist
238,Katherine,Fox,Female,Thoughtstorm,Technical Writer
239,James,Carter,Male,Rhybox,Software Engineer II
240,Diane,Rogers,Female,Voonix,Librarian
241,Beverly,Freeman,Female,Feedbug,Senior Editor
242,Judy,Nichols,Female,Tambee,Technical Writer
243,Aaron,Burton,Male,Gabtune,Accounting Assistant IV
244,Walter,Cruz,Male,Oyoba,Nurse
245,Ronald,Ramos,Male,Edgeclub,Systems Administrator III
246,Amy,Hawkins,Female,Yakitri,Biostatistician II
247,Virginia,Williamson,Female,Tagtune,Software Test Engineer IV
248,Jacqueline,Bell,Female,Vinte,Assistant Manager
249,Anthony,Carpenter,Male,Shuffletag,Health Coach I
250,Scott,Stewart,Male,Eidel,Recruiter
251,Joseph,Anderson,Male,Quinu,Administrative Officer
252,Douglas,Powell,Male,Jetwire,Geologist IV
253,Amy,Lawson,Female,Browseblab,Compensation Analyst
254,Carol,Porter,Female,Teklist,Account Executive
255,Teresa,Crawford,Female,Photobug,Office Assistant II
256,Wayne,Moreno,Male,Omba,Accounting Assistant III
257,Albert,Scott,Male,Gigashots,Senior Quality Engineer
258,Chris,Mccoy,Male,Devpoint,Senior Financial Analyst
259,Janice,Wilson,Female,Edgeify,Developer I
260,Tammy,Garcia,Female,Tazz,Programmer Analyst II
261,Angela,Fields,Female,Youspan,Junior Executive
262,Evelyn,Hansen,Female,Divavu,Research Associate
263,Larry,Hawkins,Male,Meembee,Staff Accountant III
264,Sean,Brown,Male,Shuffledrive,Sales Associate
265,Carolyn,Wheeler,Female,Yakidoo,Software Consultant
266,Juan,Gomez,Male,Kwimbee,Internal Auditor
267,Matthew,Wood,Male,Agimba,Product Engineer
268,Fred,Myers,Male,Eimbee,Web Developer IV
269,Rose,Fox,Female,Demimbu,Executive Secretary
270,Kimberly,Hernandez,Female,Eazzy,Engineer I
271,Beverly,Ward,Female,Brainbox,Automation Specialist II
272,Jacqueline,Olson,Female,Gigashots,Director of Sales
273,Jennifer,Morris,Female,Livetube,Operator
274,Gary,Reid,Male,Fivespan,Executive Secretary
275,Denise,Green,Female,Trunyx,Software Test Engineer IV
276,Kimberly,Olson,Female,Voonyx,Occupational Therapist
277,Carol,Gilbert,Female,Nlounge,VP Marketing
278,Billy,Fuller,Male,Skippad,Human Resources Manager
279,Clarence,James,Male,Abata,Occupational Therapist
280,Susan,Johnson,Female,Innotype,Account Representative I
281,Amanda,Butler,Female,Skyble,Research Assistant IV
282,Lawrence,Gutierrez,Male,Yozio,Software Engineer IV
283,Douglas,Welch,Male,Flashspan,Executive Secretary
284,Robin,Myers,Female,Kwilith,Assistant Professor
285,Tammy,Harvey,Female,Roodel,Paralegal
286,George,Sanders,Male,Eimbee,Tax Accountant
287,Sandra,Holmes,Female,Ailane,Civil Engineer
288,Kenneth,Jackson,Male,Voomm,Associate Professor
289,Teresa,Owens,Female,Skimia,Geologist IV
290,Patrick,James,Male,Divavu,Analyst Programmer
291,Anna,Schmidt,Female,Mudo,Actuary
292,Laura,Little,Female,Flashpoint,Account Executive
293,Anna,Brown,Female,Flashpoint,Analyst Programmer
294,Gary,Ramirez,Male,Skinix,Software Consultant
295,Willie,King,Male,Flipopia,Editor
296,Willie,Hughes,Male,Livetube,Operator
297,Theresa,Armstrong,Female,Eabox,Developer III
298,Philip,Flores,Male,Yambee,Chemical Engineer
299,Rose,Nelson,Female,Brainlounge,Environmental Specialist
300,Kathy,Gordon,Female,Photobug,Pharmacist
301,Lillian,Carpenter,Female,Zoonder,Registered Nurse
302,Paula,Garza,Female,Skippad,Design Engineer
303,Ernest,Davis,Male,Zava,Administrative Officer
304,Margaret,Cruz,Female,Jaxnation,Automation Specialist III
305,Shawn,Porter,Male,Twinder,Payment Adjustment Coordinator
306,Elizabeth,Andrews,Female,Dabfeed,Research Associate
307,Lori,Washington,Female,Skinte,Electrical Engineer
308,Amanda,Walker,Female,Browsezoom,Account Executive
309,Dennis,Harrison,Male,Quinu,Project Manager
310,Bobby,Sims,Male,Skynoodle,Marketing Manager
311,Eric,Fisher,Male,Nlounge,Web Developer I
312,Debra,Banks,Female,Voonder,Cost Accountant
313,Harry,Gomez,Male,Rhyzio,Recruiting Manager
314,Juan,Bennett,Male,Yamia,Help Desk Operator
315,Frank,Garza,Male,Voolia,Sales Associate
316,Carl,Diaz,Male,Edgeblab,Automation Specialist IV
317,Louis,Miller,Male,Oyoba,Web Designer I
318,Dorothy,Marshall,Female,Twimm,Environmental Specialist
319,Catherine,Schmidt,Female,Livefish,Web Designer I
320,Lillian,Marshall,Female,Oyoba,Research Assistant II
321,Beverly,Fuller,Female,Gabcube,Engineer II
322,Wayne,Sims,Male,Lazzy,Recruiting Manager
323,Julie,Edwards,Female,Skidoo,Geologist II
324,Ralph,Banks,Male,Realmix,VP Marketing
325,Evelyn,Powell,Female,Gabtype,Senior Developer
326,Joyce,Reid,Female,Browsedrive,Analog Circuit Design manager
327,Deborah,Franklin,Female,Rhyloo,Physical Therapy Assistant
328,Emily,Carter,Female,Yamia,Systems Administrator III
329,Amanda,Nguyen,Female,Meezzy,Associate Professor
330,Helen,Bryant,Female,Layo,Programmer Analyst I
331,Eric,Elliott,Male,Skilith,Senior Financial Analyst
332,Terry,Thompson,Male,Yambee,Accountant II
333,Howard,Coleman,Male,Yakijo,Environmental Specialist
334,Evelyn,Medina,Female,Janyx,Programmer II
335,Terry,Robertson,Male,Trunyx,Teacher
336,Jeffrey,Hill,Male,Topiczoom,Community Outreach Specialist
337,Henry,Chavez,Male,Tanoodle,Analyst Programmer
338,Chris,Elliott,Male,Blogspan,Assistant Media Planner
339,Victor,Fields,Male,Feedfish,General Manager
340,Janice,Kim,Female,Brainsphere,VP Product Management
341,Rachel,Robinson,Female,Twinder,Safety Technician IV
342,Louis,Nichols,Male,Yoveo,Administrative Assistant II
343,Joe,Price,Male,Fanoodle,Marketing Manager
344,Sharon,Smith,Female,Yacero,Financial Analyst
345,Ernest,Burns,Male,Devshare,Assistant Media Planner
346,Howard,Martinez,Male,Tavu,Tax Accountant
347,Jeremy,Dixon,Male,Wikizz,Dental Hygienist
348,Melissa,Ross,Female,Snaptags,Paralegal
349,Alan,Russell,Male,Camimbo,Nuclear Power Engineer
350,Earl,Scott,Male,Topiczoom,Statistician II
351,Betty,Kennedy,Female,Dazzlesphere,Clinical Specialist
352,Billy,Long,Male,Twinte,Technical Writer
353,Susan,Alvarez,Female,Nlounge,Senior Editor
354,Lisa,Olson,Female,Tanoodle,Internal Auditor
355,Alan,Thompson,Male,Midel,Nurse Practicioner
356,Patrick,Lee,Male,Eadel,Analog Circuit Design manager
357,Brandon,Weaver,Male,Gigashots,Geological Engineer
358,Antonio,Bowman,Male,Centizu,Systems Administrator IV
359,Ruth,Kim,Female,Tazz,Research Assistant I
360,Lawrence,Berry,Male,Skipfire,VP Accounting
361,Russell,Nguyen,Male,Kazio,Administrative Assistant II
362,Jack,Kelley,Male,Meevee,Clinical Specialist
363,Barbara,Howard,Female,Linkbuzz,Speech Pathologist
364,Shirley,Harris,Female,Edgepulse,Systems Administrator IV
365,Russell,Garza,Male,Yadel,Actuary
366,Robert,Clark,Male,Pixoboo,Accountant I
367,Mildred,Carr,Female,Jabberbean,Account Executive
368,Jason,Barnes,Male,Skipfire,Staff Accountant I
369,Ruby,Ellis,Female,Wordtune,Electrical Engineer
370,Sandra,Henry,Female,Youbridge,Senior Quality Engineer
371,Donna,Wood,Female,Feedfire,Web Designer II
372,Steve,Robinson,Male,Zoomlounge,Dental Hygienist
373,Pamela,Snyder,Female,Cogilith,Geologist II
374,Bobby,Ray,Male,Oloo,Business Systems Development Analyst
375,Susan,Hanson,Female,Vidoo,Chief Design Engineer
376,Betty,Pierce,Female,Dynava,Physical Therapy Assistant
377,Terry,Henderson,Male,Flipbug,Recruiter
378,Margaret,Black,Female,Browsebug,Associate Professor
379,Adam,West,Male,Edgewire,Actuary
380,Martha,Payne,Female,Quinu,Assistant Media Planner
381,Charles,Torres,Male,Tazzy,Food Chemist
382,Lawrence,Sanchez,Male,Twimbo,Administrative Officer
383,Daniel,Richardson,Male,Wikizz,GIS Technical Architect
384,Jean,Greene,Female,Rhybox,Analyst Programmer
385,Doris,West,Female,Yata,VP Accounting
386,Kevin,Vasquez,Male,Gigabox,Geologist II
387,Sharon,Dean,Female,Zoombox,Automation Specialist II
388,Keith,Weaver,Male,Trupe,Clinical Specialist
389,Lawrence,Rose,Male,Gabtype,Media Manager III
390,Scott,Miller,Male,Quimba,Marketing Manager
391,Victor,Spencer,Male,Feedspan,Senior Sales Associate
392,William,Mitchell,Male,Pixoboo,Computer Systems Analyst II
393,Mary,Carroll,Female,Gigaclub,Statistician III
394,Bruce,Shaw,Male,Podcat,Business Systems Development Analyst
395,Andrew,Perez,Male,Gigabox,Computer Systems Analyst I
396,Juan,Romero,Male,Zoonder,Analyst Programmer
397,Brenda,Ryan,Female,Oozz,Nurse Practicioner
398,Victor,Hall,Male,Youspan,Senior Developer
399,Gregory,Cruz,Male,Trudoo,VP Marketing
400,Shirley,Hunter,Female,Trupe,Budget/Accounting Analyst II
401,Jesse,Mccoy,Male,Wikizz,Software Engineer IV
402,Jeremy,Owens,Male,Devpoint,Electrical Engineer
403,Jennifer,Reid,Female,Skinder,Teacher
404,Donna,Walker,Female,Omba,Sales Associate
405,Christine,Rivera,Female,Demimbu,Operator
406,Phyllis,Reed,Female,Edgetag,VP Accounting
407,Walter,Nichols,Male,Oloo,Environmental Specialist
408,Daniel,Johnson,Male,Trudoo,Design Engineer
409,Kathryn,Gilbert,Female,Kamba,Web Designer IV
410,Jeffrey,Johnson,Male,Jazzy,Compensation Analyst
411,Laura,Ferguson,Female,Realblab,Graphic Designer
412,Jack,Pierce,Male,Blogtag,Pharmacist
413,Diane,Bailey,Female,Wikibox,Technical Writer
414,Harold,Adams,Male,Dazzlesphere,Account Coordinator
415,Jimmy,Bradley,Male,Twinte,Design Engineer
416,Marie,Andrews,Female,Edgeblab,Structural Engineer
417,Jack,Rogers,Male,Meevee,Account Executive
418,Marie,Kelley,Female,Edgeblab,Account Executive
419,Ruby,Nguyen,Female,Edgeblab,Senior Quality Engineer
420,Antonio,Tucker,Male,Quinu,Food Chemist
421,Lois,Porter,Female,Browsecat,Assistant Manager
422,Julie,Boyd,Female,Twinte,Office Assistant I
423,Carl,Kim,Male,Trupe,Help Desk Technician
424,Anthony,Patterson,Male,Yata,Senior Developer
425,Scott,Johnson,Male,Quaxo,Speech Pathologist
426,Kathy,Moreno,Female,Fivespan,Chemical Engineer
427,Rachel,Reyes,Female,Brightbean,Community Outreach Specialist
428,Rebecca,Duncan,Female,Fatz,Human Resources Manager
429,Irene,West,Female,Eamia,Administrative Officer
430,Nicholas,Ray,Male,Linkbuzz,Biostatistician IV
431,Norma,Griffin,Female,Meezzy,Analog Circuit Design manager
432,Randy,Andrews,Male,Jaxnation,Civil Engineer
433,Mildred,Wilson,Female,Rhynoodle,Speech Pathologist
434,Steven,Evans,Male,Myworks,Help Desk Operator
435,Carlos,Lynch,Male,Dabfeed,Dental Hygienist
436,Philip,King,Male,Skimia,Teacher
437,Rose,Mccoy,Female,Tagtune,Quality Control Specialist
438,Paula,Foster,Female,Browsezoom,Environmental Tech
439,Joyce,Scott,Female,Devshare,VP Product Management
440,Victor,West,Male,Muxo,Nurse Practicioner
441,Albert,Williamson,Male,Skinder,Associate Professor
442,Norma,Elliott,Female,Meeveo,Payment Adjustment Coordinator
443,Robert,Thompson,Male,Oozz,Teacher
444,Janice,Gardner,Female,Abata,Analyst Programmer
445,Mark,Butler,Male,Quatz,Editor
446,Andrew,Cunningham,Male,Omba,Environmental Tech
447,Victor,Harrison,Male,Cogilith,Health Coach III
448,Chris,Ruiz,Male,Centizu,Assistant Professor
449,Jacqueline,Ryan,Female,Realmix,Registered Nurse
450,Matthew,Payne,Male,Zooxo,Nuclear Power Engineer
451,Donald,Henderson,Male,Eamia,Project Manager
452,Thomas,Washington,Male,Skinix,Assistant Media Planner
453,Judith,Mendoza,Female,Divape,Administrative Officer
454,Eric,Hawkins,Male,Oyoba,Automation Specialist II
455,Susan,Bailey,Female,Realmix,Structural Analysis Engineer
456,Mark,Davis,Male,Kwilith,Accounting Assistant II
457,Rose,Kelly,Female,Pixonyx,Quality Engineer
458,Peter,Brooks,Male,Gabtune,Programmer II
459,James,Williamson,Male,Edgeify,Geological Engineer
460,Robin,Weaver,Female,Shuffledrive,Pharmacist
461,Juan,Cole,Male,Janyx,Systems Administrator II
462,Anne,Lopez,Female,Mydo,Mechanical Systems Engineer
463,Kelly,Johnston,Female,Jayo,Administrative Assistant I
464,Joyce,Russell,Female,Bubblebox,Geological Engineer
465,Dorothy,Walker,Female,Photobug,Web Designer I
466,Susan,Willis,Female,Thoughtbeat,Food Chemist
467,Kimberly,Knight,Female,Zoomlounge,Legal Assistant
468,William,Boyd,Male,Bubblemix,Electrical Engineer
469,Tina,Chapman,Female,Mymm,Chief Design Engineer
470,Walter,Davis,Male,Topiclounge,Business Systems Development Analyst
471,Thomas,Elliott,Male,Gabvine,Accounting Assistant II
472,Jane,Gonzales,Female,Jabbersphere,Software Engineer II
473,Marilyn,Morrison,Female,Thoughtbeat,Human Resources Manager
474,Todd,Long,Male,Wikibox,Account Coordinator
475,Jose,Taylor,Male,Midel,VP Sales
476,Susan,Bowman,Female,Realmix,Mechanical Systems Engineer
477,Bruce,Matthews,Male,Eayo,Community Outreach Specialist
478,Anthony,Nelson,Male,Livefish,Database Administrator IV
479,Juan,Campbell,Male,Wikizz,VP Quality Control
480,Amy,Chapman,Female,Flipbug,Dental Hygienist
481,Juan,Martin,Male,Mudo,Nuclear Power Engineer
482,Cheryl,Hunt,Female,Linklinks,Senior Developer
483,Gregory,Nichols,Male,Digitube,Teacher
484,Alice,Howard,Female,Pixoboo,Developer IV
485,Cynthia,Stanley,Female,Photobug,Recruiting Manager
486,Janet,Bowman,Female,Edgetag,Safety Technician II
487,Carlos,Phillips,Male,Meemm,Staff Accountant III
488,Marie,Burke,Female,Realblab,Internal Auditor
489,Julie,Reed,Female,Flipbug,Junior Executive
490,Bonnie,Watson,Female,Zoozzy,Software Consultant
491,Anna,Perkins,Female,Zazio,Quality Engineer
492,Joe,Gomez,Male,Fanoodle,Actuary
493,Jane,Weaver,Female,Quimm,Civil Engineer
494,Mark,Turner,Male,Kwilith,Internal Auditor
495,Deborah,Little,Female,Babbleblab,VP Accounting
496,Brian,Murray,Male,Abatz,Senior Sales Associate
497,Dennis,Hudson,Male,Twitterbridge,Office Assistant II
498,Amanda,Pierce,Female,Riffpath,Environmental Specialist
499,Ruby,Burton,Female,Oozz,Financial Analyst
500,Fred,Lee,Male,Zooxo,Professor
501,Michelle,Nguyen,Female,Centidel,Speech Pathologist
502,Henry,Ferguson,Male,Tavu,Statistician II
503,Justin,Daniels,Male,Oloo,Environmental Tech
504,Keith,Jones,Male,Centidel,Marketing Assistant
505,Douglas,Edwards,Male,Jabbersphere,Recruiting Manager
506,Mildred,Mendoza,Female,Vitz,Environmental Tech
507,Steven,Hart,Male,Skyvu,Account Coordinator
508,Louise,Andrews,Female,Dabtype,Compensation Analyst
509,Tammy,Cole,Female,Trunyx,Librarian
510,Lillian,Carroll,Female,BlogXS,Statistician III
511,Phyllis,Morgan,Female,Eimbee,Environmental Specialist
512,Gary,Gibson,Male,Flipstorm,Food Chemist
513,Kevin,Diaz,Male,Browseblab,Food Chemist
514,Jack,Hill,Male,Blogtags,Assistant Professor
515,Michael,Stanley,Male,Wikizz,Speech Pathologist
516,Joseph,Spencer,Male,Topicstorm,Research Assistant IV
517,Justin,Edwards,Male,Tazz,Analyst Programmer
518,Diana,Cooper,Female,Livepath,Software Engineer II
519,Lillian,Rogers,Female,Eazzy,Paralegal
520,Melissa,Wallace,Female,Skyvu,Administrative Officer
521,Diane,Flores,Female,Jaxspan,Tax Accountant
522,Lisa,Williams,Female,Zoonder,Operator
523,Richard,Medina,Male,Yakidoo,Analog Circuit Design manager
524,Shirley,Rodriguez,Female,Meevee,Internal Auditor
525,Bruce,Sanders,Male,Chatterbridge,Help Desk Operator
526,John,Lynch,Male,Avamm,Programmer I
527,Daniel,Scott,Male,Riffpedia,Librarian
528,Andrea,Patterson,Female,Dynabox,Account Executive
529,Kathy,Rogers,Female,Yabox,Sales Representative
530,Donald,Morales,Male,Blogpad,Financial Analyst
531,Julie,Bryant,Female,Leenti,VP Marketing
532,Rose,Hansen,Female,Zooxo,Social Worker
533,Ruby,Fisher,Female,JumpXS,Financial Analyst
534,Carl,Butler,Male,Npath,Office Assistant I
535,Nancy,Cox,Female,Trudeo,Research Associate
536,Sara,Dean,Female,Skidoo,Recruiter
537,Cheryl,Carroll,Female,Zoombeat,Registered Nurse
538,Sara,Washington,Female,Skimia,Database Administrator III
539,Martha,Franklin,Female,Snaptags,Administrative Assistant IV
540,Jessica,Hicks,Female,Cogibox,Structural Analysis Engineer
541,Patrick,Howell,Male,Innojam,Senior Editor
542,Christopher,Johnston,Male,Realpoint,Senior Sales Associate
543,Robert,Martin,Male,Tavu,Community Outreach Specialist
544,Sara,Castillo,Female,Livepath,Recruiting Manager
545,Ruth,Greene,Female,Skiba,Research Nurse
546,Joshua,Allen,Male,Aibox,Programmer Analyst IV
547,Tina,Watkins,Female,Thoughtstorm,Accountant II
548,Andrea,Butler,Female,Dabtype,Human Resources Manager
549,Harold,Rivera,Male,Topdrive,Cost Accountant
550,Walter,Miller,Male,Yata,Payment Adjustment Coordinator
551,Albert,Murray,Male,Edgepulse,Structural Engineer
552,Dennis,Lawson,Male,Edgetag,Cost Accountant
553,Catherine,Lynch,Female,Jatri,Financial Analyst
554,Sara,Burton,Female,Jabbertype,Environmental Specialist
555,Marie,Ross,Female,Viva,Software Engineer IV
556,Samuel,Bailey,Male,Oyoloo,Nurse
557,Jesse,Edwards,Male,Omba,Clinical Specialist
558,Kathy,Miller,Female,Topdrive,Account Coordinator
559,Jeffrey,Henry,Male,Brightdog,Environmental Tech
560,Johnny,Sanders,Male,Yodo,Legal Assistant
561,Gregory,Armstrong,Male,Livefish,Senior Developer
562,Steven,Oliver,Male,Tekfly,Financial Advisor
563,Timothy,Lawrence,Male,Youopia,VP Quality Control
564,Timothy,Bowman,Male,Oloo,Director of Sales
565,Steve,Schmidt,Male,Quire,Research Associate
566,Louis,Willis,Male,Plambee,Systems Administrator I
567,Sandra,Murray,Female,Buzzbean,Librarian
568,Anna,Carter,Female,Divanoodle,Web Developer II
569,Carol,Anderson,Female,Tagfeed,Recruiter
570,Steven,Rose,Male,Npath,Sales Representative
571,David,Collins,Male,Midel,Assistant Professor
572,Marie,Snyder,Female,Riffwire,Junior Executive
573,Judy,Barnes,Female,Flipbug,Staff Scientist
574,Lisa,Stone,Female,Riffpedia,Senior Editor
575,Phillip,Carpenter,Male,Tagfeed,Desktop Support Technician
576,Martha,Reyes,Female,Feedmix,Actuary
577,Larry,Smith,Male,Blogspan,Business Systems Development Analyst
578,Donald,Matthews,Male,Fiveclub,Physical Therapy Assistant
579,Heather,Gonzalez,Female,Jaxbean,Account Executive
580,Kimberly,Morris,Female,Photospace,Assistant Media Planner
581,Anthony,Mcdonald,Male,Wikido,Help Desk Operator
582,Julie,Fuller,Female,Yambee,Sales Representative
583,Joe,Pierce,Male,Mybuzz,Information Systems Manager
584,Jeffrey,Simmons,Male,Flipstorm,Chemical Engineer
585,Fred,Martinez,Male,Divavu,Structural Engineer
586,Doris,Mcdonald,Female,Youfeed,Marketing Assistant
587,Larry,Davis,Male,Quinu,Human Resources Manager
588,Evelyn,Thompson,Female,Zoozzy,VP Accounting
589,Matthew,Reyes,Male,Eabox,Engineer I
590,Louis,Shaw,Male,Mydo,Registered Nurse
591,Amanda,Howard,Female,Gigazoom,GIS Technical Architect
592,Alan,Banks,Male,Fiveclub,Recruiting Manager
593,Michael,White,Male,Voolith,Environmental Tech
594,Bonnie,Crawford,Female,Abatz,Data Coordiator
595,Bruce,Kennedy,Male,Mydo,Recruiter
596,Eric,Schmidt,Male,Meembee,VP Quality Control
597,Sarah,Webb,Female,Youspan,Web Designer IV
598,Roy,Patterson,Male,Youtags,Database Administrator III
599,Norma,Welch,Female,Skipfire,Recruiting Manager
600,Sandra,Bailey,Female,Jaxnation,Sales Associate
601,Johnny,Murphy,Male,Tagpad,Account Executive
602,George,Coleman,Male,Katz,Geologist IV
603,Janice,Franklin,Female,Buzzbean,Operator
604,Jacqueline,Olson,Female,Podcat,Structural Engineer
605,Lori,Wells,Female,Skaboo,Clinical Specialist
606,Christina,Morgan,Female,Yodoo,Dental Hygienist
607,Juan,Russell,Male,Devbug,Director of Sales
608,Rose,Brooks,Female,Zooxo,Technical Writer
609,James,Moore,Male,Voonyx,Graphic Designer
610,Christopher,Sanders,Male,Wordware,Assistant Media Planner
611,Angela,Ferguson,Female,Cogibox,Geologist IV
612,Ann,Campbell,Female,Brainlounge,Staff Accountant IV
613,Eugene,Williams,Male,Roomm,Financial Analyst
614,Daniel,Harris,Male,Mynte,Assistant Media Planner
615,Sara,Lawrence,Female,Ntag,Safety Technician II
616,Judy,Riley,Female,Voomm,Desktop Support Technician
617,Alan,White,Male,Dynava,Nurse Practicioner
618,Michelle,Willis,Female,Talane,Staff Accountant IV
619,Jose,Larson,Male,Quimm,Help Desk Technician
620,Anne,Hill,Female,Dabshots,Recruiter
621,Amy,Long,Female,Skidoo,Research Associate
622,Jennifer,Dixon,Female,Tagfeed,Analyst Programmer
623,Victor,Hart,Male,Centizu,Nuclear Power Engineer
624,Marie,Peters,Female,Flashdog,Teacher
625,Katherine,Lawson,Female,Brightbean,Electrical Engineer
626,Ryan,Henderson,Male,Thoughtbeat,Librarian
627,Ralph,Day,Male,Wordware,Assistant Manager
628,David,Gardner,Male,Jetwire,Software Consultant
629,Lillian,Alvarez,Female,Ntag,Human Resources Assistant III
630,Randy,Henderson,Male,Tagpad,Design Engineer
631,Joan,Kennedy,Female,Yodoo,Civil Engineer
632,Rebecca,Sullivan,Female,Fivechat,Statistician II
633,Howard,Wallace,Male,Livefish,Associate Professor
634,Carol,Peterson,Female,Kwilith,Senior Sales Associate
635,Terry,Murray,Male,Zooveo,Technical Writer
636,Brandon,Tucker,Male,Meemm,Nuclear Power Engineer
637,Denise,Kelly,Female,Izio,Civil Engineer
638,Emily,Perez,Female,Eabox,Electrical Engineer
639,Gerald,Bradley,Male,Fatz,Assistant Professor
640,Aaron,Frazier,Male,Gevee,Recruiter
641,Donna,Gutierrez,Female,Dabtype,Assistant Professor
642,Scott,Ward,Male,Fiveclub,VP Accounting
643,Mark,Stephens,Male,Aimbu,Automation Specialist III
644,Louis,Brooks,Male,Nlounge,VP Quality Control
645,Johnny,Wilson,Male,Skilith,Marketing Manager
646,Wanda,Lane,Female,Twiyo,Help Desk Technician
647,Brenda,Duncan,Female,Leenti,Administrative Officer
648,Patrick,Frazier,Male,Plajo,Legal Assistant
649,Brenda,Tucker,Female,Zoomlounge,Nuclear Power Engineer
650,Susan,Fernandez,Female,Wordpedia,Nurse
651,Russell,Collins,Male,Wikibox,Desktop Support Technician
652,Albert,Daniels,Male,Flipstorm,Senior Financial Analyst
653,Randy,Foster,Male,Dabshots,Senior Editor
654,Teresa,Peters,Female,Zoomdog,Staff Accountant I
655,Martin,Brooks,Male,Blogtag,Recruiting Manager
656,Michelle,Cooper,Female,Thoughtmix,Structural Engineer
657,Norma,Hall,Female,Photobug,Administrative Officer
658,Patrick,Webb,Male,Browsebug,Community Outreach Specialist
659,Howard,Hudson,Male,Topicshots,Professor
660,James,Lewis,Male,Eabox,Marketing Manager
661,Irene,Hunt,Female,Tanoodle,Research Nurse
662,Maria,Garrett,Female,Muxo,Information Systems Manager
663,Bonnie,Bradley,Female,Talane,Recruiting Manager
664,Donna,Butler,Female,Miboo,Community Outreach Specialist
665,Randy,Warren,Male,Livetube,Budget/Accounting Analyst IV
666,Jessica,Lawson,Female,Lazzy,Environmental Specialist
667,Maria,Wright,Female,Oyonder,Research Nurse
668,Diana,Bryant,Female,Jabbersphere,Pharmacist
669,Brian,Bryant,Male,Browsedrive,Data Coordiator
670,Christina,Webb,Female,Riffwire,Project Manager
671,Martin,Hawkins,Male,Blogpad,Computer Systems Analyst IV
672,Donna,Gordon,Female,Twitternation,Software Consultant
673,John,Pierce,Male,Trudoo,Web Developer II
674,Brenda,Gonzales,Female,Jabbersphere,Safety Technician III
675,Eric,Wells,Male,Demizz,Analog Circuit Design manager
676,Emily,Morales,Female,Yombu,Budget/Accounting Analyst III
677,Richard,Martin,Male,Gabtype,Analog Circuit Design manager
678,John,Morgan,Male,Yamia,Account Coordinator
679,Charles,Hicks,Male,Brightbean,Professor
680,Irene,Gordon,Female,Voolith,Database Administrator II
681,Janice,Pierce,Female,Skimia,Structural Analysis Engineer
682,Jessica,Hawkins,Female,Photojam,VP Product Management
683,Amanda,Lane,Female,Skyndu,Graphic Designer
684,Melissa,Lawson,Female,Demizz,Structural Analysis Engineer
685,Anna,Mason,Female,Ozu,Senior Sales Associate
686,Catherine,Austin,Female,Mynte,Budget/Accounting Analyst III
687,Eric,Stone,Male,Gevee,Senior Editor
688,Carl,Williamson,Male,Thoughtmix,Graphic Designer
689,Christina,Boyd,Female,Fanoodle,Financial Analyst
690,Brandon,Chapman,Male,Divape,Sales Representative
691,Kathryn,Elliott,Female,Divanoodle,Environmental Tech
692,Kenneth,Brooks,Male,Mycat,Associate Professor
693,Wayne,Patterson,Male,Thoughtstorm,Research Assistant III
694,Frances,Lynch,Female,Topicware,General Manager
695,Phillip,Palmer,Male,Tagchat,Help Desk Operator
696,Steven,Andrews,Male,Podcat,Nuclear Power Engineer
697,Philip,Harris,Male,Browsezoom,Social Worker
698,Ashley,Daniels,Female,Izio,Web Designer II
699,Keith,Ford,Male,Quire,VP Accounting
700,Pamela,Jackson,Female,Avamm,Senior Quality Engineer
701,Phyllis,Smith,Female,Trudoo,General Manager
702,Melissa,Morgan,Female,Katz,Technical Writer
703,Michael,Fernandez,Male,Skaboo,Senior Quality Engineer
704,Terry,Hart,Male,Gabcube,Quality Control Specialist
705,Robin,Morales,Female,JumpXS,Accounting Assistant III
706,Paul,Harvey,Male,Buzzster,Graphic Designer
707,Cynthia,Crawford,Female,Trudoo,Software Engineer IV
708,Marie,Marshall,Female,Topiclounge,Administrative Officer
709,Joseph,Taylor,Male,Babbleopia,Geological Engineer
710,Ashley,Perkins,Female,Voomm,Software Consultant
711,Brandon,Davis,Male,Wordify,Environmental Tech
712,Doris,Wood,Female,Skiba,Biostatistician II
713,Kenneth,Schmidt,Male,Skyble,Financial Analyst
714,Louise,Harvey,Female,Camido,Speech Pathologist
715,Steven,Knight,Male,Roodel,Software Engineer II
716,Alan,West,Male,Muxo,Automation Specialist IV
717,Sean,Hernandez,Male,Roombo,Librarian
718,Jimmy,Graham,Male,Meembee,Teacher
719,Lois,Carter,Female,Eidel,Administrative Assistant IV
720,Earl,George,Male,Talane,Design Engineer
721,Wayne,Kelly,Male,Linkbridge,Staff Accountant III
722,Clarence,Weaver,Male,Tagpad,Software Engineer I
723,Robert,Thomas,Male,Gabcube,Senior Financial Analyst
724,Jason,Perez,Male,Quinu,Environmental Specialist
725,Carol,Russell,Female,BlogXS,Pharmacist
726,Deborah,Cook,Female,Flashdog,Geologist IV
727,Arthur,Cook,Male,Fanoodle,Speech Pathologist
728,Ruth,Reynolds,Female,Eazzy,Compensation Analyst
729,Roger,Lawrence,Male,Wikizz,Web Designer I
730,Mary,Hall,Female,Gevee,Information Systems Manager
731,William,Fox,Male,Centidel,Environmental Specialist
732,Daniel,Grant,Male,Riffpath,Nurse Practicioner
733,Carol,Palmer,Female,Kwinu,Staff Accountant I
734,Robin,Thomas,Female,Izio,Account Coordinator
735,Eugene,Elliott,Male,Meedoo,VP Marketing
736,Bobby,Hayes,Male,Centimia,Social Worker
737,Patricia,Cox,Female,Camimbo,Geological Engineer
738,Gloria,Barnes,Female,Avaveo,Desktop Support Technician
739,Albert,Turner,Male,Yakitri,Analyst Programmer
740,Gary,Carr,Male,Mydeo,Dental Hygienist
741,Diana,Welch,Female,Eayo,Occupational Therapist
742,Shawn,Spencer,Male,Oyope,Physical Therapy Assistant
743,Harold,Mills,Male,Zoomzone,Marketing Assistant
744,Sean,Rivera,Male,Skyndu,Account Coordinator
745,Nicole,Garza,Female,Topiczoom,General Manager
746,Karen,Hernandez,Female,Devcast,Financial Analyst
747,Janet,Hunter,Female,Zoombox,Junior Executive
748,Joan,Rodriguez,Female,Dabfeed,Programmer II
749,Cheryl,Mccoy,Female,Blogtag,Food Chemist
750,Matthew,Boyd,Male,InnoZ,Chief Design Engineer
751,Walter,Clark,Male,Brightdog,Software Engineer III
752,Gary,Dunn,Male,Photobug,Business Systems Development Analyst
753,Christina,George,Female,Youtags,Senior Editor
754,Teresa,Mills,Female,Flashdog,Tax Accountant
755,Janice,Schmidt,Female,Muxo,Nurse
756,Fred,Moore,Male,Dabfeed,Automation Specialist I
757,Philip,Turner,Male,Realmix,Account Representative I
758,John,Gutierrez,Male,Brainbox,Internal Auditor
759,Douglas,Webb,Male,Jabberbean,Web Developer I
760,Angela,Powell,Female,Pixonyx,Structural Engineer
761,Stephanie,Olson,Female,Rhynoodle,Web Developer IV
762,Howard,Hunter,Male,Jabberstorm,Physical Therapy Assistant
763,Albert,Kim,Male,Gigaclub,Community Outreach Specialist
764,Rebecca,Hanson,Female,Topicware,Junior Executive
765,Victor,Hansen,Male,Meetz,Analog Circuit Design manager
766,Stephanie,Perkins,Female,Devify,GIS Technical Architect
767,Jesse,Reynolds,Male,Browseblab,Assistant Media Planner
768,Justin,Morgan,Male,Innotype,Associate Professor
769,Frank,Riley,Male,Devpoint,VP Product Management
770,Brandon,Elliott,Male,Oloo,Biostatistician III
771,Janice,Payne,Female,Kayveo,Accounting Assistant III
772,Sarah,Ortiz,Female,Meedoo,Administrative Assistant III
773,Scott,Carr,Male,Jetpulse,Senior Developer
774,Howard,Adams,Male,Buzzster,Librarian
775,Carolyn,Gardner,Female,Dabjam,GIS Technical Architect
776,Brandon,Ford,Male,Jabbersphere,Technical Writer
777,Patrick,Rivera,Male,Zoomzone,Information Systems Manager
778,Jose,Brown,Male,Rhyloo,Automation Specialist II
779,Scott,Rose,Male,Babbleblab,Quality Control Specialist
780,Sean,Fernandez,Male,Bubblebox,Compensation Analyst
781,Carl,Hart,Male,Cogibox,Environmental Tech
782,Fred,Woods,Male,Devbug,Research Assistant I
783,Phyllis,Meyer,Female,Voolia,Information Systems Manager
784,Thomas,Bennett,Male,Edgepulse,Clinical Specialist
785,Philip,Cunningham,Male,Browsezoom,Staff Accountant I
786,Elizabeth,Lane,Female,Lajo,Actuary
787,Jessica,Roberts,Female,Riffpath,Mechanical Systems Engineer
788,Jennifer,Torres,Female,Livefish,Staff Scientist
789,Joshua,Wright,Male,Wikivu,Structural Analysis Engineer
790,Charles,Ellis,Male,Zoombeat,Statistician I
791,Randy,Hart,Male,Innotype,Tax Accountant
792,Louise,Stephens,Female,LiveZ,Computer Systems Analyst II
793,Frances,Lewis,Female,Wikizz,Analog Circuit Design manager
794,Bobby,Peterson,Male,Fivespan,Financial Analyst
795,Virginia,Diaz,Female,Youbridge,Librarian
796,Stephanie,Harrison,Female,Riffpath,Programmer III
797,Betty,Ferguson,Female,Jetwire,Quality Engineer
798,Kelly,Taylor,Female,Meejo,Design Engineer
799,Kathy,Russell,Female,Vimbo,Geologist IV
800,Patricia,Boyd,Female,Devcast,Associate Professor
801,Christopher,Arnold,Male,Blogpad,Analyst Programmer
802,Rachel,Hill,Female,Gabcube,Internal Auditor
803,Eric,Warren,Male,Quatz,Financial Advisor
804,Martin,Hudson,Male,Dabshots,Account Coordinator
805,Peter,Garcia,Male,Gabtune,Cost Accountant
806,Jessica,Howell,Female,Cogibox,Project Manager
807,Lois,Morgan,Female,Skibox,Automation Specialist IV
808,Deborah,Coleman,Female,Kanoodle,Geological Engineer
809,Lisa,Ellis,Female,Twitterworks,Quality Control Specialist
810,Kathleen,Perry,Female,Aimbu,Design Engineer
811,Susan,Fields,Female,Katz,Teacher
812,Joan,Carpenter,Female,Jaxbean,Research Assistant II
813,Johnny,Walker,Male,Kayveo,Developer II
814,Carolyn,Medina,Female,Wikivu,Recruiting Manager
815,Barbara,Ruiz,Female,Yadel,Sales Representative
816,Rebecca,Mendoza,Female,Mybuzz,Web Developer III
817,Henry,Ray,Male,Centidel,Dental Hygienist
818,Andrew,Bishop,Male,Bluezoom,Administrative Officer
819,Kathryn,Owens,Female,Oyonder,Systems Administrator I
820,Charles,Carpenter,Male,Livefish,Software Engineer IV
821,Sharon,White,Female,Fivespan,Quality Engineer
822,Terry,Chavez,Male,Thoughtworks,Payment Adjustment Coordinator
823,Willie,Porter,Male,Topiczoom,Chief Design Engineer
824,Martha,Washington,Female,Yadel,Structural Engineer
825,Cheryl,Allen,Female,Topicware,Nurse Practicioner
826,Diana,Robinson,Female,Fliptune,Accounting Assistant IV
827,Keith,Price,Male,Gigabox,Food Chemist
828,Mary,Payne,Female,Oyonder,Assistant Media Planner
829,John,Reyes,Male,Mydo,Web Designer I
830,Carlos,Lee,Male,Trilia,Environmental Tech
831,Mary,Romero,Female,Agimba,Quality Engineer
832,Ryan,Medina,Male,Thoughtworks,Speech Pathologist
833,Carolyn,Dunn,Female,Yadel,Recruiter
834,Shirley,Banks,Female,Brainbox,Structural Engineer
835,Phyllis,Sanders,Female,Skinix,Statistician II
836,Rachel,Willis,Female,Chatterbridge,Community Outreach Specialist
837,Larry,Hunter,Male,Zazio,Web Developer IV
838,Kathy,Bailey,Female,Rhyzio,Graphic Designer
839,Kimberly,Wood,Female,Bluejam,Marketing Assistant
840,Bobby,Perkins,Male,Zoombeat,VP Accounting
841,Terry,Medina,Male,Tagopia,Product Engineer
842,Martha,Hansen,Female,Voonder,Nurse Practicioner
843,Howard,Richards,Male,Eamia,Cost Accountant
844,Steven,Lewis,Male,Ainyx,Sales Representative
845,Kimberly,King,Female,Oyondu,Web Designer III
846,Joshua,Roberts,Male,Quire,Sales Associate
847,Irene,Owens,Female,Yabox,Accountant II
848,Virginia,Oliver,Female,Zazio,Research Associate
849,Thomas,Reynolds,Male,Youspan,Nurse Practicioner
850,Elizabeth,Diaz,Female,Topiczoom,Speech Pathologist
851,Deborah,Morales,Female,Skinte,Web Designer IV
852,Marilyn,Reyes,Female,Topicshots,Human Resources Assistant I
853,Deborah,Carpenter,Female,Youspan,Office Assistant I
854,Catherine,Garza,Female,Flashset,Statistician III
855,Mildred,Watson,Female,Yodel,Product Engineer
856,Gary,Stewart,Male,Meevee,Systems Administrator IV
857,Jerry,Bowman,Male,Avamm,Actuary
858,Judith,Ferguson,Female,Dabfeed,Administrative Assistant III
859,Evelyn,Hughes,Female,Fivechat,Clinical Specialist
860,Scott,Owens,Male,Zoomdog,Dental Hygienist
861,Kenneth,Smith,Male,Latz,Research Assistant III
862,Robin,Chapman,Female,Dynabox,Senior Quality Engineer
863,Adam,Watson,Male,Tagfeed,Senior Quality Engineer
864,Alice,Lewis,Female,Skipstorm,Sales Representative
865,Lois,Ross,Female,Brainsphere,VP Accounting
866,Maria,Murray,Female,Thoughtworks,Design Engineer
867,Mark,Mason,Male,Photofeed,Human Resources Manager
868,Julie,Oliver,Female,Geba,Financial Advisor
869,Paul,Carpenter,Male,Feedfire,Project Manager
870,Phyllis,Martin,Female,Jetpulse,Nurse
871,Stephen,Scott,Male,Devshare,Graphic Designer
872,Annie,Wallace,Female,Eadel,Technical Writer
873,Janet,Mcdonald,Female,Thoughtbridge,Automation Specialist I
874,Jane,Bradley,Female,Mydeo,Account Representative III
875,Jesse,Sullivan,Male,Mymm,Operator
876,Irene,Ferguson,Female,Podcat,Civil Engineer
877,Harry,Watkins,Male,Zoomdog,Computer Systems Analyst IV
878,Joyce,Wood,Female,Blognation,VP Product Management
879,Howard,Smith,Male,Tagpad,Operator
880,Kathy,Garza,Female,Nlounge,Cost Accountant
881,Carl,Lawrence,Male,Fanoodle,Compensation Analyst
882,Earl,Campbell,Male,Demizz,Quality Control Specialist
883,Sarah,Kim,Female,Topicshots,Cost Accountant
884,Christine,Weaver,Female,Meevee,Data Coordiator
885,Donna,Garza,Female,Pixonyx,Design Engineer
886,William,Perry,Male,Photobean,VP Product Management
887,Helen,Mason,Female,Gigazoom,Programmer Analyst I
888,Jimmy,Wright,Male,Npath,Analog Circuit Design manager
889,Debra,Montgomery,Female,Yakijo,Sales Associate
890,Ruby,Johnson,Female,Skinder,Computer Systems Analyst II
891,Nicole,Webb,Female,Quaxo,Professor
892,Alan,Medina,Male,Yabox,Media Manager II
893,Adam,Lynch,Male,Jaloo,Programmer IV
894,Billy,Fox,Male,Flashspan,Speech Pathologist
895,Henry,Harper,Male,Vinte,Research Assistant II
896,Jeffrey,Lawson,Male,Jabbersphere,Desktop Support Technician
897,Norma,Crawford,Female,Skynoodle,Legal Assistant
898,Lori,Simmons,Female,Livefish,Legal Assistant
899,Beverly,Gonzalez,Female,Demizz,Junior Executive
900,Judy,Perry,Female,Topiczoom,Assistant Media Planner
901,Joe,Franklin,Male,Voonder,VP Marketing
902,Kelly,Hunter,Female,Fivespan,Compensation Analyst
903,Fred,Black,Male,Zooveo,Engineer IV
904,Virginia,Cruz,Female,Miboo,Account Coordinator
905,Richard,Fernandez,Male,Shuffletag,Librarian
906,Rebecca,Mitchell,Female,Thoughtbridge,Operator
907,Johnny,Warren,Male,Rooxo,Web Designer II
908,Gary,Myers,Male,Youbridge,Editor
909,Cheryl,Davis,Female,Edgeify,Health Coach IV
910,Marie,Dixon,Female,Roomm,VP Sales
911,Patrick,Reed,Male,Jabberstorm,Senior Quality Engineer
912,Kenneth,Kelly,Male,Skibox,Recruiting Manager
913,Ryan,Simmons,Male,Eabox,Senior Financial Analyst
914,Doris,Patterson,Female,Pixope,Quality Control Specialist
915,Martha,Richardson,Female,Tazz,Nuclear Power Engineer
916,Lawrence,Thompson,Male,Topicblab,Cost Accountant
917,Billy,Murphy,Male,Meembee,Safety Technician III
918,Adam,Carpenter,Male,Skalith,Social Worker
919,Ronald,Welch,Male,Avamba,Help Desk Technician
920,Sharon,Payne,Female,Wordtune,Registered Nurse
921,Anthony,Jordan,Male,Katz,Statistician III
922,Willie,Payne,Male,Devify,Assistant Media Planner
923,Sara,Gibson,Female,Voolia,Chemical Engineer
924,Doris,Chapman,Female,Topiclounge,Nurse
925,Frances,Chapman,Female,Zoomlounge,Programmer Analyst II
926,Anne,Wagner,Female,Skyba,Legal Assistant
927,Nicholas,Morris,Male,Linkbridge,Assistant Professor
928,Michael,Lopez,Male,Ailane,Nuclear Power Engineer
929,Russell,Romero,Male,Zoomdog,Financial Advisor
930,Jane,Perez,Female,Zoomcast,Food Chemist
931,Bonnie,Ramirez,Female,Zoombeat,Design Engineer
932,Steve,Carroll,Male,Dabjam,Staff Scientist
933,Brenda,Henry,Female,Browsetype,Professor
934,Joseph,Burton,Male,Leexo,Compensation Analyst
935,Terry,King,Male,Feedfire,GIS Technical Architect
936,Matthew,Wagner,Male,Feedspan,Civil Engineer
937,Sharon,Mcdonald,Female,Eimbee,Recruiting Manager
938,Steven,Reyes,Male,Jaxnation,Technical Writer
939,Donna,Thomas,Female,Aibox,Programmer II
940,Bonnie,Bowman,Female,Avavee,Internal Auditor
941,Carolyn,Garcia,Female,Feedfish,Food Chemist
942,Deborah,Morgan,Female,Browsebug,Tax Accountant
943,Katherine,Rivera,Female,Skilith,Financial Analyst
944,Michelle,Olson,Female,Roombo,Mechanical Systems Engineer
945,Anne,Reed,Female,Twitterworks,Director of Sales
946,Angela,Garcia,Female,Dabshots,Librarian
947,Eric,Chapman,Male,Jaxworks,Accounting Assistant IV
948,Jennifer,Kim,Female,Realmix,Software Consultant
949,Judith,Bowman,Female,Fadeo,Quality Control Specialist
950,Jimmy,Hansen,Male,Myworks,Legal Assistant
951,Angela,Sanders,Female,Dabtype,Research Assistant IV
952,Lillian,Price,Female,Bubbletube,Account Representative I
953,Dennis,Fuller,Male,Yozio,Account Coordinator
954,Thomas,Perkins,Male,Roodel,Account Executive
955,Julie,Baker,Female,Jetpulse,Staff Accountant II
956,Dennis,Perry,Male,Zoomdog,Data Coordiator
957,Shawn,George,Male,Browseblab,GIS Technical Architect
958,Jimmy,Rodriguez,Male,Ozu,Executive Secretary
959,Laura,Ferguson,Female,Pixonyx,Electrical Engineer
960,Alan,Phillips,Male,Thoughtworks,Internal Auditor
961,Ralph,Richards,Male,Thoughtstorm,Accountant I
962,James,Murphy,Male,Tagchat,Payment Adjustment Coordinator
963,Jonathan,Howard,Male,Kwideo,Operator
964,Kathy,Howell,Female,Bluejam,Chemical Engineer
965,Craig,Perkins,Male,Jetpulse,Senior Financial Analyst
966,Robert,Ford,Male,Jabbertype,Account Representative IV
967,Ralph,Davis,Male,Gigashots,General Manager
968,Teresa,Reynolds,Female,Flashdog,Budget/Accounting Analyst IV
969,Marie,Ortiz,Female,Meejo,Research Associate
970,Victor,King,Male,Babbleblab,Programmer IV
971,Melissa,Wagner,Female,Riffwire,Civil Engineer
972,Rachel,Snyder,Female,Topicstorm,Payment Adjustment Coordinator
973,Sandra,Graham,Female,Centidel,Software Consultant
974,Chris,Gomez,Male,Realcube,Structural Analysis Engineer
975,Laura,Stephens,Female,Dabtype,Graphic Designer
976,Emily,Cole,Female,Avamm,Chief Design Engineer
977,Cynthia,Dixon,Female,Skalith,Automation Specialist II
978,Gerald,Sanders,Male,Meedoo,VP Quality Control
979,Ruth,Ward,Female,Jaxworks,Account Executive
980,Jeremy,Anderson,Male,Camido,Recruiter
981,Raymond,Morrison,Male,Lazzy,Account Executive
982,Christine,Holmes,Female,Feedfire,Media Manager IV
983,Angela,Fisher,Female,DabZ,Help Desk Technician
984,Randy,Green,Male,Gabspot,Nuclear Power Engineer
985,Julia,Ortiz,Female,Kwideo,Structural Analysis Engineer
986,Harold,Parker,Male,Gabtype,Account Coordinator
987,Joshua,Howell,Male,Digitube,Office Assistant IV
988,Todd,Perry,Male,Eayo,Data Coordiator
989,Jimmy,James,Male,Youopia,Database Administrator III
990,Jesse,Wagner,Male,Oyondu,Human Resources Manager
991,Melissa,Wells,Female,Lazzy,Senior Sales Associate
992,Andrea,Howard,Female,Fanoodle,Data Coordiator
993,Edward,Mills,Male,Feedfish,Health Coach III
994,Clarence,Morgan,Male,Edgewire,Geologist II
995,Sarah,Nguyen,Female,Trilia,Programmer IV
996,Debra,Garcia,Female,Dazzlesphere,Structural Engineer
997,Douglas,Bishop,Male,Livepath,Developer I
998,Frank,Franklin,Male,Brainverse,Nurse Practicioner
999,Jessica,Burns,Female,Babbleblab,Financial Advisor
1000,Brian,Daniels,Male,Tazzy,Physical Therapy Assistant
